"","mpg","cyl","disp","hp","drat","wt","qsec","vs","am","gear","carb"
"Mazda RX4",21,6,0.0429659274256,110,3.9,2.62,16.46,0,"manual",4,4
"Mazda RX4 Wag",21,6,0.0429659274256,110,3.9,2.875,17.02,0,"manual",4,4
"Hornet 4 Drive",21.4,6,0.06928255797378,110,3.08,3.215,19.44,1,"auto",3,1
"Valiant",18.1,6,0.06042083544225,105,2.76,3.46,20.22,1,"auto",3,1
"Merc 280",19.2,6,0.045006808978316,123,3.92,3.44,18.3,1,"auto",4,4
"Merc 280C",17.8,6,0.045006808978316,123,3.92,3.44,18.9,1,"auto",4,4
"Ferrari Dino",19.7,6,0.03893787172945,175,3.62,2.77,15.5,0,"manual",5,6
